{"cameraMode":{"drawMode":0,"name":"Shaded","section":"Shading Mode"},"sceneLighting":false,"audioPlay":false,"sceneViewState":{"showFog":true,"showMaterialUpdate":false,"showSkybox":true,"showFlares":true,"showImageEffects":true,"showParticleSystems":true},"in2DMode":false,"pivot":{"x":-27.93906021118164,"y":2.3410255908966066,"z":28.84063720703125},"rotation":{"x":-0.06465940177440644,"y":0.931319534778595,"z":-0.20465847849845887,"w":-0.2942415773868561},"size":4.080514907836914,"orthographic":false}