{"cameraMode":{"drawMode":0,"name":"Shaded","section":"Shading Mode"},"sceneLighting":false,"audioPlay":false,"sceneViewState":{"showFog":true,"showMaterialUpdate":true,"showSkybox":true,"showFlares":true,"showImageEffects":true,"showParticleSystems":true},"in2DMode":false,"pivot":{"x":214.70645141601563,"y":6.569997310638428,"z":102.8264389038086},"rotation":{"x":0.27830198407173159,"y":-0.24106049537658692,"z":0.07237578928470612,"w":0.9269302487373352},"size":181.55856323242188,"orthographic":false}