{"cameraMode":{"drawMode":0,"name":"Shaded","section":"Shading Mode"},"sceneLighting":false,"audioPlay":false,"sceneViewState":{"showFog":true,"showMaterialUpdate":true,"showSkybox":true,"showFlares":true,"showImageEffects":true,"showParticleSystems":true},"in2DMode":false,"pivot":{"x":61.492340087890628,"y":-0.383757621049881,"z":-89.35404968261719},"rotation":{"x":-0.08071345090866089,"y":0.9024121165275574,"z":-0.1919337511062622,"w":-0.37722575664520266},"size":9.360021591186524,"orthographic":false}