{"cameraMode":{"drawMode":0,"name":"Shaded","section":"Shading Mode"},"sceneLighting":false,"audioPlay":false,"sceneViewState":{"showFog":true,"showMaterialUpdate":true,"showSkybox":true,"showFlares":true,"showImageEffects":true,"showParticleSystems":true},"in2DMode":false,"pivot":{"x":23.017696380615236,"y":9.444808006286621,"z":115.8674087524414},"rotation":{"x":-0.12112347036600113,"y":-0.14884912967681886,"z":0.018822787329554559,"w":-0.9812332987785339},"size":4.041658401489258,"orthographic":false}