{"cameraMode":{"drawMode":0,"name":"Shaded","section":"Shading Mode"},"sceneLighting":false,"audioPlay":false,"sceneViewState":{"showFog":true,"showMaterialUpdate":true,"showSkybox":true,"showFlares":true,"showImageEffects":true,"showParticleSystems":true},"in2DMode":false,"pivot":{"x":20.256452560424806,"y":5.084630012512207,"z":-53.13557052612305},"rotation":{"x":0.2286706566810608,"y":-0.11374706029891968,"z":0.026839062571525575,"w":0.9664632081985474},"size":7.121446132659912,"orthographic":false}