{"cameraMode":{"drawMode":0,"name":"Shaded","section":"Shading Mode"},"sceneLighting":false,"audioPlay":false,"sceneViewState":{"showFog":true,"showMaterialUpdate":true,"showSkybox":true,"showFlares":true,"showImageEffects":true,"showParticleSystems":true},"in2DMode":false,"pivot":{"x":11.317447662353516,"y":78.19453430175781,"z":-192.0029754638672},"rotation":{"x":0.5202831029891968,"y":0.00342447217553854,"z":-0.0025939911138266327,"w":0.8539831042289734},"size":3.8889498710632326,"orthographic":false}