{"cameraMode":{"drawMode":0,"name":"Shaded","section":"Shading Mode"},"sceneLighting":false,"audioPlay":false,"sceneViewState":{"showFog":true,"showMaterialUpdate":true,"showSkybox":true,"showFlares":true,"showImageEffects":true,"showParticleSystems":true},"in2DMode":false,"pivot":{"x":0.992271900177002,"y":-3.295398235321045,"z":-64.46446990966797},"rotation":{"x":0.35911232233047488,"y":0.11122631281614304,"z":-0.043626535683870319,"w":0.9256153702735901},"size":15.19815444946289,"orthographic":false}