{"cameraMode":{"drawMode":0,"name":"Shaded","section":"Shading Mode"},"sceneLighting":false,"audioPlay":false,"sceneViewState":{"showFog":true,"showMaterialUpdate":true,"showSkybox":true,"showFlares":true,"showImageEffects":true,"showParticleSystems":true},"in2DMode":false,"pivot":{"x":0.516339898109436,"y":0.7712701559066773,"z":0.8158525228500366},"rotation":{"x":-0.20002725720405579,"y":0.6023483872413635,"z":-0.16003844141960145,"w":-0.756011426448822},"size":2.8578836917877199,"orthographic":false}