{"cameraMode":{"drawMode":0,"name":"Shaded","section":"Shading Mode"},"sceneLighting":false,"audioPlay":false,"sceneViewState":{"showFog":true,"showMaterialUpdate":true,"showSkybox":true,"showFlares":true,"showImageEffects":true,"showParticleSystems":true},"in2DMode":false,"pivot":{"x":-1.8620426654815674,"y":2.795677423477173,"z":-69.0459976196289},"rotation":{"x":0.2877355217933655,"y":-0.33029285073280337,"z":0.1059710755944252,"w":0.8926842212677002},"size":8.141960144042969,"orthographic":false}