{"cameraMode":{"drawMode":0,"name":"Shaded","section":"Shading Mode"},"sceneLighting":false,"audioPlay":false,"sceneViewState":{"showFog":true,"showMaterialUpdate":true,"showSkybox":true,"showFlares":true,"showImageEffects":true,"showParticleSystems":true},"in2DMode":false,"pivot":{"x":1.5051461458206177,"y":0.39116427302360537,"z":-0.3849208354949951},"rotation":{"x":0.06994932144880295,"y":0.8144627213478088,"z":-0.10057990252971649,"w":0.5671343803405762},"size":4.041658401489258,"orthographic":false}