{"cameraMode":{"drawMode":0,"name":"Shaded","section":"Shading Mode"},"sceneLighting":false,"audioPlay":false,"sceneViewState":{"showFog":true,"showMaterialUpdate":false,"showSkybox":true,"showFlares":true,"showImageEffects":true,"showParticleSystems":true},"in2DMode":false,"pivot":{"x":-14.461339950561524,"y":-49.56403350830078,"z":-56.779273986816409},"rotation":{"x":0.046409204602241519,"y":-0.9253583550453186,"z":0.35641542077064516,"w":0.12052487581968308},"size":85.1175537109375,"orthographic":false}