{"cameraMode":{"drawMode":0,"name":"Shaded","section":"Shading Mode"},"sceneLighting":false,"audioPlay":false,"sceneViewState":{"showFog":true,"showMaterialUpdate":true,"showSkybox":true,"showFlares":true,"showImageEffects":true,"showParticleSystems":true},"in2DMode":false,"pivot":{"x":-16.205646514892579,"y":-1.5724802017211915,"z":-86.44385528564453},"rotation":{"x":0.049099747091531757,"y":0.9316977262496948,"z":-0.1378082036972046,"w":0.33247169852256777},"size":17.833213806152345,"orthographic":false}