{"cameraMode":{"drawMode":0,"name":"Shaded","section":"Shading Mode"},"sceneLighting":false,"audioPlay":false,"sceneViewState":{"showFog":true,"showMaterialUpdate":false,"showSkybox":true,"showFlares":true,"showImageEffects":true,"showParticleSystems":true},"in2DMode":false,"pivot":{"x":-2.456733226776123,"y":2.189505100250244,"z":4.126743316650391},"rotation":{"x":-0.26367613673210146,"y":0.36961597204208376,"z":-0.1102289929986,"w":-0.8841428160667419},"size":9.007855415344239,"orthographic":false}