{"cameraMode":{"drawMode":0,"name":"Shaded","section":"Shading Mode"},"sceneLighting":false,"audioPlay":false,"sceneViewState":{"showFog":true,"showMaterialUpdate":false,"showSkybox":true,"showFlares":true,"showImageEffects":true,"showParticleSystems":true},"in2DMode":false,"pivot":{"x":-0.7916605472564697,"y":-0.03564721345901489,"z":0.8893502354621887},"rotation":{"x":-0.40103626251220705,"y":-0.026420803740620614,"z":0.011571576818823815,"w":-0.9156079888343811},"size":12.375,"orthographic":false}