{"cameraMode":{"drawMode":0,"name":"Shaded","section":"Shading Mode"},"sceneLighting":false,"audioPlay":false,"sceneViewState":{"showFog":true,"showMaterialUpdate":false,"showSkybox":true,"showFlares":true,"showImageEffects":true,"showParticleSystems":true},"in2DMode":false,"pivot":{"x":-31.479999542236329,"y":1.619999885559082,"z":-51.63999938964844},"rotation":{"x":0.35387247800827029,"y":-0.5947682857513428,"z":0.3270971179008484,"w":0.6434535980224609},"size":18.29938316345215,"orthographic":false}