{"cameraMode":{"drawMode":0,"name":"Shaded","section":"Shading Mode"},"sceneLighting":false,"audioPlay":false,"sceneViewState":{"showFog":true,"showMaterialUpdate":false,"showSkybox":true,"showFlares":true,"showImageEffects":true,"showParticleSystems":true},"in2DMode":false,"pivot":{"x":1.2985568046569825,"y":-0.8656246662139893,"z":1.0518934726715088},"rotation":{"x":0.20507460832595826,"y":0.3488602340221405,"z":-0.07852476835250855,"w":0.9110844731330872},"size":5.540710926055908,"orthographic":false}