{"cameraMode":{"drawMode":0,"name":"Shaded","section":"Shading Mode"},"sceneLighting":false,"audioPlay":false,"sceneViewState":{"showFog":true,"showMaterialUpdate":false,"showSkybox":true,"showFlares":true,"showImageEffects":true,"showParticleSystems":true},"in2DMode":false,"pivot":{"x":-1.8400077819824219,"y":-1.8232135772705079,"z":-3.6739730834960939},"rotation":{"x":0.04146130755543709,"y":0.9585376977920532,"z":-0.20011036098003388,"w":0.19860118627548219},"size":9.310964584350586,"orthographic":false}