{"cameraMode":{"drawMode":0,"name":"Shaded","section":"Shading Mode"},"sceneLighting":false,"audioPlay":false,"sceneViewState":{"showFog":true,"showMaterialUpdate":false,"showSkybox":true,"showFlares":true,"showImageEffects":true,"showParticleSystems":true},"in2DMode":false,"pivot":{"x":-32.22291946411133,"y":5.991779327392578,"z":10.681652069091797},"rotation":{"x":-0.2586607336997986,"y":-0.09054890275001526,"z":0.02435934729874134,"w":-0.961406409740448},"size":3.500178575515747,"orthographic":false}