{"cameraMode":{"drawMode":0,"name":"Shaded","section":"Shading Mode"},"sceneLighting":false,"audioPlay":false,"sceneViewState":{"showFog":true,"showMaterialUpdate":false,"showSkybox":true,"showFlares":true,"showImageEffects":true,"showParticleSystems":true},"in2DMode":false,"pivot":{"x":-3.965557813644409,"y":31.635135650634767,"z":-112.7804946899414},"rotation":{"x":-0.4841611683368683,"y":-0.026955993846058847,"z":0.014911538921296597,"w":-0.8744364380836487},"size":3.777022361755371,"orthographic":false}