{"cameraMode":{"drawMode":0,"name":"Shaded","section":"Shading Mode"},"sceneLighting":false,"audioPlay":false,"sceneViewState":{"showFog":true,"showMaterialUpdate":false,"showSkybox":true,"showFlares":true,"showImageEffects":true,"showParticleSystems":true},"in2DMode":false,"pivot":{"x":-22.22303009033203,"y":22.184675216674806,"z":-89.60237121582031},"rotation":{"x":-0.3955683410167694,"y":-0.11060115694999695,"z":0.048049263656139377,"w":-0.9104858040809631},"size":9.474681854248047,"orthographic":false}