{"cameraMode":{"drawMode":0,"name":"Shaded","section":"Shading Mode"},"sceneLighting":false,"audioPlay":false,"sceneViewState":{"showFog":true,"showMaterialUpdate":false,"showSkybox":true,"showFlares":true,"showImageEffects":true,"showParticleSystems":true},"in2DMode":false,"pivot":{"x":11.069999694824219,"y":1.0999999046325684,"z":-59.380001068115237},"rotation":{"x":-0.48402824997901919,"y":-0.115564726293087,"z":0.06465429067611695,"w":-0.8649747371673584},"size":14.384366989135743,"orthographic":false}