{"cameraMode":{"drawMode":0,"name":"Shaded","section":"Shading Mode"},"sceneLighting":false,"audioPlay":false,"sceneViewState":{"showFog":true,"showMaterialUpdate":false,"showSkybox":true,"showFlares":true,"showImageEffects":true,"showParticleSystems":true},"in2DMode":false,"pivot":{"x":-70.47108459472656,"y":-21.777387619018556,"z":33.53951644897461},"rotation":{"x":0.1187911182641983,"y":-0.5303270816802979,"z":0.07536712288856507,"w":0.8360393643379211},"size":85.1175537109375,"orthographic":false}