{"cameraMode":{"drawMode":0,"name":"Shaded","section":"Shading Mode"},"sceneLighting":false,"audioPlay":false,"sceneViewState":{"showFog":true,"showMaterialUpdate":false,"showSkybox":true,"showFlares":true,"showImageEffects":true,"showParticleSystems":true},"in2DMode":false,"pivot":{"x":-42.05711364746094,"y":3.9188072681427,"z":48.696685791015628},"rotation":{"x":0.20060449838638307,"y":-0.08662378787994385,"z":0.017797593027353288,"w":0.9756727814674377},"size":17.375316619873048,"orthographic":false}