{"cameraMode":{"drawMode":0,"name":"Shaded","section":"Shading Mode"},"sceneLighting":false,"audioPlay":false,"sceneViewState":{"showFog":true,"showMaterialUpdate":false,"showSkybox":true,"showFlares":true,"showImageEffects":true,"showParticleSystems":true},"in2DMode":false,"pivot":{"x":19.919719696044923,"y":-1.62542724609375,"z":-58.026405334472659},"rotation":{"x":-0.48045244812965395,"y":0.001913630636408925,"z":-0.001062318217009306,"w":-0.8770180344581604},"size":26.757165908813478,"orthographic":false}