{"cameraMode":{"drawMode":0,"name":"Shaded","section":"Shading Mode"},"sceneLighting":false,"audioPlay":false,"sceneViewState":{"showFog":true,"showMaterialUpdate":false,"showSkybox":true,"showFlares":true,"showImageEffects":true,"showParticleSystems":true},"in2DMode":false,"pivot":{"x":-3.1153676509857179,"y":1.764528751373291,"z":2.421180248260498},"rotation":{"x":-0.028751615434885026,"y":-0.965939998626709,"z":0.2226673811674118,"w":-0.12865681946277619},"size":0.2724352478981018,"orthographic":false}