{"cameraMode":{"drawMode":0,"name":"Shaded","section":"Shading Mode"},"sceneLighting":false,"audioPlay":false,"sceneViewState":{"showFog":true,"showMaterialUpdate":false,"showSkybox":true,"showFlares":true,"showImageEffects":true,"showParticleSystems":true},"in2DMode":false,"pivot":{"x":9.040362358093262,"y":11.013988494873047,"z":-69.35911560058594},"rotation":{"x":-0.1999387890100479,"y":0.017640024423599244,"z":-0.0035999673418700697,"w":-0.9796429872512817},"size":6.078827857971191,"orthographic":false}