{"cameraMode":{"drawMode":0,"name":"Shaded","section":"Shading Mode"},"sceneLighting":false,"audioPlay":false,"sceneViewState":{"showFog":true,"showMaterialUpdate":false,"showSkybox":true,"showFlares":true,"showImageEffects":true,"showParticleSystems":true},"in2DMode":false,"pivot":{"x":-29.192943572998048,"y":4.724813938140869,"z":18.690311431884767},"rotation":{"x":0.09864084422588349,"y":-0.5175730586051941,"z":0.060219116508960727,"w":0.847798228263855},"size":7.293447494506836,"orthographic":false}