{"cameraMode":{"drawMode":0,"name":"Shaded","section":"Shading Mode"},"sceneLighting":false,"audioPlay":false,"sceneViewState":{"showFog":true,"showMaterialUpdate":false,"showSkybox":true,"showFlares":true,"showImageEffects":true,"showParticleSystems":true},"in2DMode":false,"pivot":{"x":17.54332160949707,"y":-2.730116844177246,"z":-55.97974395751953},"rotation":{"x":0.48462969064712527,"y":-0.33370441198349,"z":0.2069002240896225,"w":0.7816442251205444},"size":18.29937171936035,"orthographic":false}