{"cameraMode":{"drawMode":0,"name":"Shaded","section":"Shading Mode"},"sceneLighting":false,"audioPlay":false,"sceneViewState":{"showFog":true,"showMaterialUpdate":false,"showSkybox":true,"showFlares":true,"showImageEffects":true,"showParticleSystems":true},"in2DMode":false,"pivot":{"x":-37.22141647338867,"y":53.813499450683597,"z":-12.915999412536621},"rotation":{"x":-0.5000399947166443,"y":-0.020775020122528077,"z":0.012000339105725289,"w":-0.8656699061393738},"size":16.25061798095703,"orthographic":false}