{"cameraMode":{"drawMode":0,"name":"Shaded","section":"Shading Mode"},"sceneLighting":false,"audioPlay":false,"sceneViewState":{"showFog":true,"showMaterialUpdate":false,"showSkybox":true,"showFlares":true,"showImageEffects":true,"showParticleSystems":true},"in2DMode":false,"pivot":{"x":-30.951738357543947,"y":31.91313934326172,"z":-5.2476725578308109},"rotation":{"x":0.29151156544685366,"y":-0.011749856173992157,"z":0.0035805462393909694,"w":0.9564884901046753},"size":6.965242385864258,"orthographic":false}