{"cameraMode":{"drawMode":0,"name":"Shaded","section":"Shading Mode"},"sceneLighting":false,"audioPlay":false,"sceneViewState":{"showFog":true,"showMaterialUpdate":false,"showSkybox":true,"showFlares":true,"showImageEffects":true,"showParticleSystems":true},"in2DMode":false,"pivot":{"x":-29.62699317932129,"y":3.4218287467956545,"z":31.30906867980957},"rotation":{"x":0.46801722049713137,"y":-0.3518802523612976,"z":0.21036109328269959,"w":0.7828719615936279},"size":22.0,"orthographic":false}