{"cameraMode":{"drawMode":0,"name":"Shaded","section":"Shading Mode"},"sceneLighting":false,"audioPlay":false,"sceneViewState":{"showFog":true,"showMaterialUpdate":false,"showSkybox":true,"showFlares":true,"showImageEffects":true,"showParticleSystems":true},"in2DMode":false,"pivot":{"x":2.217611789703369,"y":17.30274772644043,"z":1.4054597616195679},"rotation":{"x":0.2993306517601013,"y":-0.62821364402771,"z":0.2853267788887024,"w":0.6590427756309509},"size":2.7804248332977297,"orthographic":false}