{"cameraMode":{"drawMode":0,"name":"Shaded","section":"Shading Mode"},"sceneLighting":false,"audioPlay":false,"sceneViewState":{"showFog":true,"showMaterialUpdate":false,"showSkybox":true,"showFlares":true,"showImageEffects":true,"showParticleSystems":true},"in2DMode":false,"pivot":{"x":-7.081264019012451,"y":5.2013654708862309,"z":-1.371267318725586},"rotation":{"x":-0.5359624624252319,"y":0.2834398150444031,"z":-0.1971849501132965,"w":-0.7704052329063416},"size":14.727736473083496,"orthographic":false}