{"cameraMode":{"drawMode":0,"name":"Shaded","section":"Shading Mode"},"sceneLighting":false,"audioPlay":false,"sceneViewState":{"showFog":true,"showMaterialUpdate":false,"showSkybox":true,"showFlares":true,"showImageEffects":true,"showParticleSystems":true},"in2DMode":false,"pivot":{"x":-14.328876495361329,"y":2.8582401275634767,"z":0.5392231345176697},"rotation":{"x":-0.048283372074365619,"y":0.728614091873169,"z":-0.6812663674354553,"w":-0.051637858152389529},"size":5.641617298126221,"orthographic":false}