{"cameraMode":{"drawMode":0,"name":"Shaded","section":"Shading Mode"},"sceneLighting":false,"audioPlay":false,"sceneViewState":{"showFog":true,"showMaterialUpdate":false,"showSkybox":true,"showFlares":true,"showImageEffects":true,"showParticleSystems":true},"in2DMode":false,"pivot":{"x":1.8998253345489503,"y":1.6196860074996949,"z":0.343228816986084},"rotation":{"x":-0.1430501490831375,"y":0.4739108383655548,"z":-0.07834132015705109,"w":-0.8653368949890137},"size":3.7984676361083986,"orthographic":false}