{"cameraMode":{"drawMode":0,"name":"Shaded","section":"Shading Mode"},"sceneLighting":false,"audioPlay":false,"sceneViewState":{"showFog":true,"showMaterialUpdate":false,"showSkybox":true,"showFlares":true,"showImageEffects":true,"showParticleSystems":true},"in2DMode":false,"pivot":{"x":4.461434841156006,"y":82.54508209228516,"z":-34.806724548339847},"rotation":{"x":-0.6230284571647644,"y":-0.06428642570972443,"z":0.051492102444171908,"w":-0.7778505086898804},"size":5.906472682952881,"orthographic":false}