{"cameraMode":{"drawMode":0,"name":"Shaded","section":"Shading Mode"},"sceneLighting":false,"audioPlay":false,"sceneViewState":{"showFog":true,"showMaterialUpdate":false,"showSkybox":true,"showFlares":true,"showImageEffects":true,"showParticleSystems":true},"in2DMode":false,"pivot":{"x":-15.04332160949707,"y":25.340845108032228,"z":-27.0780086517334},"rotation":{"x":0.3832671344280243,"y":0.0018903485033661128,"z":-0.0007855805451981723,"w":0.9236353039741516},"size":2.7804248332977297,"orthographic":false}