{"cameraMode":{"drawMode":0,"name":"Shaded","section":"Shading Mode"},"sceneLighting":false,"audioPlay":false,"sceneViewState":{"showFog":true,"showMaterialUpdate":false,"showSkybox":true,"showFlares":true,"showImageEffects":true,"showParticleSystems":true},"in2DMode":false,"pivot":{"x":4.495616436004639,"y":-3.474032402038574,"z":-3.699683666229248},"rotation":{"x":0.13538280129432679,"y":0.8592343330383301,"z":-0.29317060112953188,"w":0.39678582549095156},"size":10.461027145385743,"orthographic":false}