{"cameraMode":{"drawMode":0,"name":"Shaded","section":"Shading Mode"},"sceneLighting":false,"audioPlay":false,"sceneViewState":{"showFog":true,"showMaterialUpdate":false,"showSkybox":true,"showFlares":true,"showImageEffects":true,"showParticleSystems":true},"in2DMode":false,"pivot":{"x":-14.223320960998536,"y":0.8380708694458008,"z":0.08321154117584229},"rotation":{"x":-0.021888071671128274,"y":0.7965705394744873,"z":-0.6034581065177918,"w":-0.028890231624245645},"size":5.641617298126221,"orthographic":false}