{"cameraMode":{"drawMode":0,"name":"Shaded","section":"Shading Mode"},"sceneLighting":false,"audioPlay":false,"sceneViewState":{"showFog":true,"showMaterialUpdate":false,"showSkybox":true,"showFlares":true,"showImageEffects":true,"showParticleSystems":true},"in2DMode":false,"pivot":{"x":-21.008718490600587,"y":15.355560302734375,"z":-11.389452934265137},"rotation":{"x":0.332467645406723,"y":0.1300904005765915,"z":-0.04636099562048912,"w":0.9329482913017273},"size":2.7804248332977297,"orthographic":false}