{"cameraMode":{"drawMode":0,"name":"Shaded","section":"Shading Mode"},"sceneLighting":false,"audioPlay":false,"sceneViewState":{"showFog":true,"showMaterialUpdate":false,"showSkybox":true,"showFlares":true,"showImageEffects":true,"showParticleSystems":true},"in2DMode":false,"pivot":{"x":-7.969024658203125,"y":7.8981122970581059,"z":-5.262053489685059},"rotation":{"x":0.4284936487674713,"y":-0.004927354399114847,"z":0.0023355919402092697,"w":0.9035283327102661},"size":5.315285682678223,"orthographic":false}