{"cameraMode":{"drawMode":0,"name":"Shaded","section":"Shading Mode"},"sceneLighting":false,"audioPlay":false,"sceneViewState":{"showFog":true,"showMaterialUpdate":false,"showSkybox":true,"showFlares":true,"showImageEffects":true,"showParticleSystems":true},"in2DMode":false,"pivot":{"x":-1.3191213607788087,"y":1.020544409751892,"z":0.4283803105354309},"rotation":{"x":-0.09050263464450836,"y":0.6298947930335999,"z":-0.07424487918615341,"w":-0.7678083777427673},"size":5.181750297546387,"orthographic":false}