{"cameraMode":{"drawMode":0,"name":"Shaded","section":"Shading Mode"},"sceneLighting":false,"audioPlay":false,"sceneViewState":{"showFog":true,"showMaterialUpdate":false,"showSkybox":true,"showFlares":true,"showImageEffects":true,"showParticleSystems":true},"in2DMode":false,"pivot":{"x":56.4342155456543,"y":82.67730712890625,"z":-86.54851531982422},"rotation":{"x":0.4027153551578522,"y":-0.10349255055189133,"z":0.04588443040847778,"w":0.9082974791526794},"size":5.18042516708374,"orthographic":false}