{"cameraMode":{"drawMode":0,"name":"Shaded","section":"Shading Mode"},"sceneLighting":false,"audioPlay":false,"sceneViewState":{"showFog":true,"showMaterialUpdate":false,"showSkybox":true,"showFlares":true,"showImageEffects":true,"showParticleSystems":true},"in2DMode":false,"pivot":{"x":-1.5168520212173463,"y":3.274538040161133,"z":3.290189027786255},"rotation":{"x":-0.014312271028757096,"y":-0.9528175592422485,"z":0.29977428913116457,"w":-0.04549066349864006},"size":0.6804531216621399,"orthographic":false}