{"cameraMode":{"drawMode":0,"name":"Shaded","section":"Shading Mode"},"sceneLighting":false,"audioPlay":false,"sceneViewState":{"showFog":true,"showMaterialUpdate":false,"showSkybox":true,"showFlares":true,"showImageEffects":true,"showParticleSystems":true},"in2DMode":false,"pivot":{"x":0.9931240081787109,"y":-0.24843621253967286,"z":5.431657314300537},"rotation":{"x":-0.1958838403224945,"y":0.1047973707318306,"z":-0.02105916105210781,"w":-0.9747838377952576},"size":8.362584114074707,"orthographic":false}