{"cameraMode":{"drawMode":0,"name":"Shaded","section":"Shading Mode"},"sceneLighting":false,"audioPlay":false,"sceneViewState":{"showFog":true,"showMaterialUpdate":false,"showSkybox":true,"showFlares":true,"showImageEffects":true,"showParticleSystems":true},"in2DMode":false,"pivot":{"x":0.6818979382514954,"y":1.3296738862991334,"z":0.7596138715744019},"rotation":{"x":0.4284936487674713,"y":-0.004927354399114847,"z":0.0023355919402092697,"w":0.9035283327102661},"size":2.4013278484344484,"orthographic":false}