{"cameraMode":{"drawMode":0,"name":"Shaded","section":"Shading Mode"},"sceneLighting":false,"audioPlay":false,"sceneViewState":{"showFog":true,"showMaterialUpdate":false,"showSkybox":true,"showFlares":true,"showImageEffects":true,"showParticleSystems":true},"in2DMode":false,"pivot":{"x":-2.763395309448242,"y":-2.611854076385498,"z":0.0545954704284668},"rotation":{"x":-0.36381489038467409,"y":-0.08004239201545716,"z":0.03139716759324074,"w":-0.9274945855140686},"size":9.370198249816895,"orthographic":false}