{"cameraMode":{"drawMode":0,"name":"Shaded","section":"Shading Mode"},"sceneLighting":false,"audioPlay":false,"sceneViewState":{"showFog":true,"showMaterialUpdate":false,"showSkybox":true,"showFlares":true,"showImageEffects":true,"showParticleSystems":true},"in2DMode":false,"pivot":{"x":-180.0615692138672,"y":47.19818878173828,"z":228.60247802734376},"rotation":{"x":-0.5001223087310791,"y":0.013505255803465844,"z":-0.007800946943461895,"w":-0.8658143281936646},"size":22.0,"orthographic":false}