{"cameraMode":{"drawMode":0,"name":"Shaded","section":"Shading Mode"},"sceneLighting":false,"audioPlay":false,"sceneViewState":{"showFog":true,"showMaterialUpdate":false,"showSkybox":true,"showFlares":true,"showImageEffects":true,"showParticleSystems":true},"in2DMode":false,"pivot":{"x":2.6338155269622804,"y":-1.5239640474319459,"z":-2.569174289703369},"rotation":{"x":0.0710921585559845,"y":0.9279996752738953,"z":-0.23635618388652802,"w":0.27910271286964419},"size":7.161280632019043,"orthographic":false}