{"cameraMode":{"drawMode":0,"name":"Shaded","section":"Shading Mode"},"sceneLighting":true,"audioPlay":false,"sceneViewState":{"showFog":true,"showMaterialUpdate":false,"showSkybox":true,"showFlares":true,"showImageEffects":true,"showParticleSystems":true},"in2DMode":false,"pivot":{"x":-43.900001525878909,"y":3.1436030864715578,"z":33.20000076293945},"rotation":{"x":-0.1645399034023285,"y":0.7368230819702148,"z":-0.19349591434001923,"w":-0.6265602707862854},"size":11.167793273925782,"orthographic":false}