{"cameraMode":{"drawMode":0,"name":"Shaded","section":"Shading Mode"},"sceneLighting":false,"audioPlay":false,"sceneViewState":{"showFog":true,"showMaterialUpdate":false,"showSkybox":true,"showFlares":true,"showImageEffects":true,"showParticleSystems":true},"in2DMode":false,"pivot":{"x":-9.484060287475586,"y":7.869011878967285,"z":-2.9043283462524416},"rotation":{"x":0.2699853777885437,"y":0.454415500164032,"z":-0.14673133194446565,"w":0.8361126780509949},"size":6.702338218688965,"orthographic":false}