{"cameraMode":{"drawMode":0,"name":"Shaded","section":"Shading Mode"},"sceneLighting":false,"audioPlay":false,"sceneViewState":{"showFog":true,"showMaterialUpdate":true,"showSkybox":true,"showFlares":true,"showImageEffects":true,"showParticleSystems":true},"in2DMode":false,"pivot":{"x":-43.34565353393555,"y":36.070777893066409,"z":86.88468933105469},"rotation":{"x":0.2553277015686035,"y":0.6548507809638977,"z":-0.25125110149383547,"w":0.6654706001281738},"size":4.912282943725586,"orthographic":false}