{"cameraMode":{"drawMode":0,"name":"Shaded","section":"Shading Mode"},"sceneLighting":false,"audioPlay":false,"sceneViewState":{"showFog":true,"showMaterialUpdate":true,"showSkybox":true,"showFlares":true,"showImageEffects":true,"showParticleSystems":true},"in2DMode":false,"pivot":{"x":64.31456756591797,"y":38.42487716674805,"z":-111.75254821777344},"rotation":{"x":-0.3378373980522156,"y":-0.05893736332654953,"z":0.021202975884079934,"w":-0.9391180872917175},"size":2.8578836917877199,"orthographic":false}