{"cameraMode":{"drawMode":0,"name":"Shaded","section":"Shading Mode"},"sceneLighting":false,"audioPlay":false,"sceneViewState":{"showFog":true,"showMaterialUpdate":true,"showSkybox":true,"showFlares":true,"showImageEffects":true,"showParticleSystems":true},"in2DMode":false,"pivot":{"x":-87.25125122070313,"y":30.63719940185547,"z":64.01404571533203},"rotation":{"x":-0.1662253737449646,"y":-0.0534810945391655,"z":0.009039411321282387,"w":-0.9845949411392212},"size":6.59527063369751,"orthographic":false}