{"cameraMode":{"drawMode":0,"name":"Shaded","section":"Shading Mode"},"sceneLighting":false,"audioPlay":false,"sceneViewState":{"showFog":true,"showMaterialUpdate":false,"showSkybox":true,"showFlares":true,"showImageEffects":true,"showParticleSystems":true},"in2DMode":false,"pivot":{"x":-0.1304616928100586,"y":-0.3062305450439453,"z":-0.8580289483070374},"rotation":{"x":-0.17948800325393678,"y":0.6569868326187134,"z":-0.1660645604133606,"w":-0.7131443619728088},"size":11.798117637634278,"orthographic":false}