{"cameraMode":{"drawMode":0,"name":"Shaded","section":"Shading Mode"},"sceneLighting":false,"audioPlay":false,"sceneViewState":{"showFog":true,"showMaterialUpdate":true,"showSkybox":true,"showFlares":true,"showImageEffects":true,"showParticleSystems":true},"in2DMode":false,"pivot":{"x":-27.83014678955078,"y":-12.24903678894043,"z":-76.80687713623047},"rotation":{"x":-0.26005417108535769,"y":0.5855177640914917,"z":-0.20658817887306214,"w":-0.7395012974739075},"size":30.393871307373048,"orthographic":false}