{"cameraMode":{"drawMode":0,"name":"Shaded","section":"Shading Mode"},"sceneLighting":false,"audioPlay":false,"sceneViewState":{"showFog":true,"showMaterialUpdate":false,"showSkybox":true,"showFlares":true,"showImageEffects":true,"showParticleSystems":true},"in2DMode":false,"pivot":{"x":2.2621665000915529,"y":-0.6524221897125244,"z":-62.01956558227539},"rotation":{"x":0.10618864744901657,"y":-0.7582764029502869,"z":0.127726748585701,"w":0.6304178833961487},"size":6.2633771896362309,"orthographic":false}