{"cameraMode":{"drawMode":0,"name":"Shaded","section":"Shading Mode"},"sceneLighting":false,"audioPlay":false,"sceneViewState":{"showFog":true,"showMaterialUpdate":true,"showSkybox":true,"showFlares":true,"showImageEffects":true,"showParticleSystems":true},"in2DMode":false,"pivot":{"x":34.5225944519043,"y":11.393119812011719,"z":-73.38946533203125},"rotation":{"x":-0.12164603918790817,"y":-0.7209928631782532,"z":0.13111667335033418,"w":-0.6694625616073608},"size":2.8578836917877199,"orthographic":false}