{"cameraMode":{"drawMode":0,"name":"Shaded","section":"Shading Mode"},"sceneLighting":false,"audioPlay":false,"sceneViewState":{"showFog":true,"showMaterialUpdate":true,"showSkybox":true,"showFlares":true,"showImageEffects":true,"showParticleSystems":true},"in2DMode":false,"pivot":{"x":-67.46646118164063,"y":-3.6061623096466066,"z":-8.27486801147461},"rotation":{"x":0.16585813462734223,"y":-0.3924068212509155,"z":0.07217391580343247,"w":0.9018308520317078},"size":22.316923141479493,"orthographic":false}