{"cameraMode":{"drawMode":0,"name":"Shaded","section":"Shading Mode"},"sceneLighting":false,"audioPlay":false,"sceneViewState":{"showFog":true,"showMaterialUpdate":true,"showSkybox":true,"showFlares":true,"showImageEffects":true,"showParticleSystems":true},"in2DMode":false,"pivot":{"x":48.37668991088867,"y":127.90384674072266,"z":114.92755126953125},"rotation":{"x":0.27628982067108157,"y":-0.6959497928619385,"z":0.33682072162628176,"w":0.5708500146865845},"size":6.59527063369751,"orthographic":false}