{"cameraMode":{"drawMode":0,"name":"Shaded","section":"Shading Mode"},"sceneLighting":false,"audioPlay":false,"sceneViewState":{"showFog":true,"showMaterialUpdate":false,"showSkybox":true,"showFlares":true,"showImageEffects":true,"showParticleSystems":true},"in2DMode":false,"pivot":{"x":-16.46253776550293,"y":4.83810567855835,"z":-81.56881713867188},"rotation":{"x":-0.2866629362106323,"y":-0.2281355857849121,"z":0.06993753463029862,"w":-0.9278401136398315},"size":4.737090110778809,"orthographic":false}