{"cameraMode":{"drawMode":0,"name":"Shaded","section":"Shading Mode"},"sceneLighting":false,"audioPlay":false,"sceneViewState":{"showFog":true,"showMaterialUpdate":true,"showSkybox":true,"showFlares":true,"showImageEffects":true,"showParticleSystems":true},"in2DMode":false,"pivot":{"x":0.01930999755859375,"y":0.08796942234039307,"z":0.0064373016357421879},"rotation":{"x":-0.2852374315261841,"y":0.5907658934593201,"z":-0.23572981357574464,"w":-0.7169844508171082},"size":8.002074241638184,"orthographic":false}