{"cameraMode":{"drawMode":0,"name":"Shaded","section":"Shading Mode"},"sceneLighting":false,"audioPlay":false,"sceneViewState":{"showFog":true,"showMaterialUpdate":true,"showSkybox":true,"showFlares":true,"showImageEffects":true,"showParticleSystems":true},"in2DMode":false,"pivot":{"x":38.87034225463867,"y":6.428435325622559,"z":-81.97930908203125},"rotation":{"x":-0.3092033267021179,"y":-0.3672383427619934,"z":0.13090480864048005,"w":-0.8674060702323914},"size":6.651362895965576,"orthographic":false}