{"cameraMode":{"drawMode":0,"name":"Shaded","section":"Shading Mode"},"sceneLighting":false,"audioPlay":false,"sceneViewState":{"showFog":true,"showMaterialUpdate":false,"showSkybox":true,"showFlares":true,"showImageEffects":true,"showParticleSystems":true},"in2DMode":false,"pivot":{"x":-27.981679916381837,"y":-14.899015426635743,"z":-72.85108184814453},"rotation":{"x":0.018176475539803506,"y":-0.9785037040710449,"z":0.09882303327322006,"w":0.18009480834007264},"size":85.1175537109375,"orthographic":false}