{"cameraMode":{"drawMode":0,"name":"Shaded","section":"Shading Mode"},"sceneLighting":false,"audioPlay":false,"sceneViewState":{"showFog":true,"showMaterialUpdate":true,"showSkybox":true,"showFlares":true,"showImageEffects":true,"showParticleSystems":true},"in2DMode":false,"pivot":{"x":19.774398803710939,"y":51.04867172241211,"z":163.88424682617188},"rotation":{"x":-0.3088063895702362,"y":0.6211658716201782,"z":-0.2911675274372101,"w":-0.6587967872619629},"size":3.7770230770111086,"orthographic":false}