{"cameraMode":{"drawMode":0,"name":"Shaded","section":"Shading Mode"},"sceneLighting":false,"audioPlay":false,"sceneViewState":{"showFog":true,"showMaterialUpdate":true,"showSkybox":true,"showFlares":true,"showImageEffects":true,"showParticleSystems":true},"in2DMode":false,"pivot":{"x":-104.34384155273438,"y":88.33810424804688,"z":68.43243408203125},"rotation":{"x":-0.32935214042663576,"y":-0.5925654172897339,"z":0.2886764705181122,"w":-0.6760616898536682},"size":2.8578836917877199,"orthographic":false}