{"cameraMode":{"drawMode":0,"name":"Shaded","section":"Shading Mode"},"sceneLighting":false,"audioPlay":false,"sceneViewState":{"showFog":true,"showMaterialUpdate":false,"showSkybox":true,"showFlares":true,"showImageEffects":true,"showParticleSystems":true},"in2DMode":false,"pivot":{"x":-15.335421562194825,"y":29.677995681762697,"z":-115.49663543701172},"rotation":{"x":-0.3484172821044922,"y":-0.08362309634685517,"z":0.03122422844171524,"w":-0.9330796599388123},"size":2.3334522247314455,"orthographic":false}