{"cameraMode":{"drawMode":0,"name":"Shaded","section":"Shading Mode"},"sceneLighting":false,"audioPlay":false,"sceneViewState":{"showFog":true,"showMaterialUpdate":false,"showSkybox":true,"showFlares":true,"showImageEffects":true,"showParticleSystems":true},"in2DMode":false,"pivot":{"x":0.595036506652832,"y":7.017958641052246,"z":-1.3048193454742432},"rotation":{"x":-0.32282179594039919,"y":0.6001261472702026,"z":-0.28793174028396609,"w":-0.6728521585464478},"size":10.13769245147705,"orthographic":false}