{"cameraMode":{"drawMode":0,"name":"Shaded","section":"Shading Mode"},"sceneLighting":false,"audioPlay":false,"sceneViewState":{"showFog":true,"showMaterialUpdate":false,"showSkybox":true,"showFlares":true,"showImageEffects":true,"showParticleSystems":true},"in2DMode":false,"pivot":{"x":-3.496400833129883,"y":1.2283867597579957,"z":6.671323299407959},"rotation":{"x":-0.2722894251346588,"y":0.4180707037448883,"z":-0.13292768597602845,"w":-0.8563910126686096},"size":13.63994026184082,"orthographic":false}