{"cameraMode":{"drawMode":0,"name":"Shaded","section":"Shading Mode"},"sceneLighting":false,"audioPlay":false,"sceneViewState":{"showFog":true,"showMaterialUpdate":false,"showSkybox":true,"showFlares":true,"showImageEffects":true,"showParticleSystems":true},"in2DMode":false,"pivot":{"x":-0.5437765121459961,"y":-1.4898333549499512,"z":5.96251106262207},"rotation":{"x":0.24525044858455659,"y":0.10620365291833878,"z":-0.027039507403969766,"w":0.9632455110549927},"size":16.549266815185548,"orthographic":false}