{"cameraMode":{"drawMode":0,"name":"Shaded","section":"Shading Mode"},"sceneLighting":false,"audioPlay":false,"sceneViewState":{"showFog":true,"showMaterialUpdate":false,"showSkybox":true,"showFlares":true,"showImageEffects":true,"showParticleSystems":true},"in2DMode":false,"pivot":{"x":67.41993713378906,"y":1.309444546699524,"z":-87.68836975097656},"rotation":{"x":0.07379304617643357,"y":-0.8331961035728455,"z":0.11473534256219864,"w":0.535886824131012},"size":17.833215713500978,"orthographic":false}