{"cameraMode":{"drawMode":0,"name":"Shaded","section":"Shading Mode"},"sceneLighting":false,"audioPlay":false,"sceneViewState":{"showFog":true,"showMaterialUpdate":false,"showSkybox":true,"showFlares":true,"showImageEffects":true,"showParticleSystems":true},"in2DMode":false,"pivot":{"x":5.081943988800049,"y":-2.1479649543762209,"z":-3.7660281658172609},"rotation":{"x":-0.12614482641220094,"y":-0.8737901449203491,"z":0.3262489140033722,"w":-0.3378461003303528},"size":15.413785934448243,"orthographic":false}