{"cameraMode":{"drawMode":0,"name":"Shaded","section":"Shading Mode"},"sceneLighting":false,"audioPlay":false,"sceneViewState":{"showFog":true,"showMaterialUpdate":false,"showSkybox":true,"showFlares":true,"showImageEffects":true,"showParticleSystems":true},"in2DMode":false,"pivot":{"x":0.0,"y":0.4601905643939972,"z":0.16660761833190919},"rotation":{"x":0.24872416257858277,"y":0.08299356698989868,"z":-0.021395336836576463,"w":0.9647749662399292},"size":26.382474899291993,"orthographic":false}