{"cameraMode":{"drawMode":0,"name":"Shaded","section":"Shading Mode"},"sceneLighting":false,"audioPlay":false,"sceneViewState":{"showFog":true,"showMaterialUpdate":false,"showSkybox":true,"showFlares":true,"showImageEffects":true,"showParticleSystems":true},"in2DMode":false,"pivot":{"x":-0.05568687617778778,"y":-2.479185104370117,"z":4.858634948730469},"rotation":{"x":0.26044338941574099,"y":0.0755150318145752,"z":-0.020437033846974374,"w":0.9623144865036011},"size":8.870539665222168,"orthographic":false}