{"cameraMode":{"drawMode":0,"name":"Shaded","section":"Shading Mode"},"sceneLighting":true,"audioPlay":false,"sceneViewState":{"showFog":true,"showMaterialUpdate":false,"showSkybox":true,"showFlares":true,"showImageEffects":true,"showParticleSystems":true},"in2DMode":false,"pivot":{"x":-14.31601333618164,"y":-3.4372646808624269,"z":73.92595672607422},"rotation":{"x":0.4586012363433838,"y":0.05305085331201553,"z":-0.02743871510028839,"w":0.8866328001022339},"size":19.38910675048828,"orthographic":false}