{"cameraMode":{"drawMode":0,"name":"Shaded","section":"Shading Mode"},"sceneLighting":false,"audioPlay":false,"sceneViewState":{"showFog":true,"showMaterialUpdate":false,"showSkybox":true,"showFlares":true,"showImageEffects":true,"showParticleSystems":true},"in2DMode":false,"pivot":{"x":0.8269303441047669,"y":-5.845175266265869,"z":10.132741928100586},"rotation":{"x":0.24872416257858277,"y":0.08299356698989868,"z":-0.021395336836576463,"w":0.9647749662399292},"size":26.76767349243164,"orthographic":false}