{"cameraMode":{"drawMode":0,"name":"Shaded","section":"Shading Mode"},"sceneLighting":false,"audioPlay":false,"sceneViewState":{"showFog":true,"showMaterialUpdate":false,"showSkybox":true,"showFlares":true,"showImageEffects":true,"showParticleSystems":true},"in2DMode":false,"pivot":{"x":0.0,"y":0.46019062399864199,"z":0.0049991607666015629},"rotation":{"x":0.24751415848731996,"y":0.07143809646368027,"z":-0.01830204389989376,"w":0.966073751449585},"size":50.19242858886719,"orthographic":false}