{"cameraMode":{"drawMode":0,"name":"Shaded","section":"Shading Mode"},"sceneLighting":false,"audioPlay":false,"sceneViewState":{"showFog":true,"showMaterialUpdate":false,"showSkybox":true,"showFlares":true,"showImageEffects":true,"showParticleSystems":true},"in2DMode":false,"pivot":{"x":61.67658996582031,"y":-4.636277198791504,"z":-100.09095001220703},"rotation":{"x":0.04430051147937775,"y":-0.9553804993629456,"z":0.19350990653038026,"w":0.21872219443321229},"size":17.833215713500978,"orthographic":false}