{"cameraMode":{"drawMode":0,"name":"Shaded","section":"Shading Mode"},"sceneLighting":false,"audioPlay":false,"sceneViewState":{"showFog":true,"showMaterialUpdate":false,"showSkybox":true,"showFlares":true,"showImageEffects":true,"showParticleSystems":true},"in2DMode":false,"pivot":{"x":-0.9213991165161133,"y":-1.565603256225586,"z":5.154377460479736},"rotation":{"x":-0.3043248951435089,"y":0.025377318263053895,"z":-0.008112568408250809,"w":-0.9521956443786621},"size":15.413785934448243,"orthographic":false}