{"cameraMode":{"drawMode":0,"name":"Shaded","section":"Shading Mode"},"sceneLighting":false,"audioPlay":false,"sceneViewState":{"showFog":true,"showMaterialUpdate":false,"showSkybox":true,"showFlares":true,"showImageEffects":true,"showParticleSystems":true},"in2DMode":false,"pivot":{"x":-16.2342586517334,"y":1.2630395889282227,"z":-82.54682922363281},"rotation":{"x":0.17968131601810456,"y":0.7408561706542969,"z":-0.2185201346874237,"w":0.6091762781143189},"size":8.15242862701416,"orthographic":false}