{"cameraMode":{"drawMode":0,"name":"Shaded","section":"Shading Mode"},"sceneLighting":false,"audioPlay":false,"sceneViewState":{"showFog":true,"showMaterialUpdate":false,"showSkybox":true,"showFlares":true,"showImageEffects":true,"showParticleSystems":true},"in2DMode":false,"pivot":{"x":8.03992748260498,"y":-2.089246988296509,"z":-4.536004543304443},"rotation":{"x":0.13713206350803376,"y":0.855614423751831,"z":-0.2876538336277008,"w":0.4078899323940277},"size":15.927175521850586,"orthographic":false}