{"cameraMode":{"drawMode":0,"name":"Shaded","section":"Shading Mode"},"sceneLighting":false,"audioPlay":false,"sceneViewState":{"showFog":true,"showMaterialUpdate":false,"showSkybox":true,"showFlares":true,"showImageEffects":true,"showParticleSystems":true},"in2DMode":false,"pivot":{"x":3.761948585510254,"y":-3.8175697326660158,"z":6.50678825378418},"rotation":{"x":-0.2799217700958252,"y":-0.4249197542667389,"z":0.14003130793571473,"w":-0.8493987321853638},"size":20.221736907958986,"orthographic":false}