{"cameraMode":{"drawMode":0,"name":"Shaded","section":"Shading Mode"},"sceneLighting":false,"audioPlay":false,"sceneViewState":{"showFog":true,"showMaterialUpdate":false,"showSkybox":true,"showFlares":true,"showImageEffects":true,"showParticleSystems":true},"in2DMode":false,"pivot":{"x":57.615753173828128,"y":-4.674101829528809,"z":-102.39257049560547},"rotation":{"x":0.03148728236556053,"y":-0.9682971239089966,"z":0.16456428170204163,"w":0.18527786433696748},"size":21.689373016357423,"orthographic":false}