{"cameraMode":{"drawMode":0,"name":"Shaded","section":"Shading Mode"},"sceneLighting":false,"audioPlay":false,"sceneViewState":{"showFog":true,"showMaterialUpdate":false,"showSkybox":true,"showFlares":true,"showImageEffects":true,"showParticleSystems":true},"in2DMode":false,"pivot":{"x":-0.07859516143798828,"y":-1.0,"z":-1.3372362852096558},"rotation":{"x":0.03755748271942139,"y":0.9523524641990662,"z":-0.13110998272895814,"w":0.27280858159065249},"size":10.13769245147705,"orthographic":false}