{"cameraMode":{"drawMode":0,"name":"Shaded","section":"Shading Mode"},"sceneLighting":false,"audioPlay":false,"sceneViewState":{"showFog":true,"showMaterialUpdate":false,"showSkybox":true,"showFlares":true,"showImageEffects":true,"showParticleSystems":true},"in2DMode":false,"pivot":{"x":0.16993999481201173,"y":8.150318145751954,"z":-64.09809875488281},"rotation":{"x":0.3277544677257538,"y":-0.004526823293417692,"z":-0.00396887119859457,"w":0.944743812084198},"size":11.667262077331543,"orthographic":false}