{"cameraMode":{"drawMode":0,"name":"Shaded","section":"Shading Mode"},"sceneLighting":true,"audioPlay":false,"sceneViewState":{"showFog":true,"showMaterialUpdate":false,"showSkybox":true,"showFlares":true,"showImageEffects":true,"showParticleSystems":true},"in2DMode":false,"pivot":{"x":8.972367286682129,"y":31.84469985961914,"z":104.23974609375},"rotation":{"x":0.015688681975007058,"y":-0.749021589756012,"z":-0.01774747297167778,"w":-0.6621220707893372},"size":12.461819648742676,"orthographic":false}