{"cameraMode":{"drawMode":0,"name":"Shaded","section":"Shading Mode"},"sceneLighting":false,"audioPlay":false,"sceneViewState":{"showFog":true,"showMaterialUpdate":false,"showSkybox":true,"showFlares":true,"showImageEffects":true,"showParticleSystems":true},"in2DMode":false,"pivot":{"x":32.70000076293945,"y":2.5,"z":-2.384185791015625e-7},"rotation":{"x":-0.048873599618673328,"y":0.9453653693199158,"z":-0.16793929040431977,"w":-0.2751219570636749},"size":11.685914993286133,"orthographic":false}