{"cameraMode":{"drawMode":0,"name":"Shaded","section":"Shading Mode"},"sceneLighting":false,"audioPlay":false,"sceneViewState":{"showFog":true,"showMaterialUpdate":false,"showSkybox":true,"showFlares":true,"showImageEffects":true,"showParticleSystems":true},"in2DMode":false,"pivot":{"x":6.598200798034668,"y":5.309010028839111,"z":-0.348447322845459},"rotation":{"x":-0.30665063858032229,"y":0.3393383026123047,"z":-0.11805962771177292,"w":-0.8814061880111694},"size":4.041658401489258,"orthographic":false}