{"cameraMode":{"drawMode":0,"name":"Shaded","section":"Shading Mode"},"sceneLighting":false,"audioPlay":false,"sceneViewState":{"showFog":true,"showMaterialUpdate":false,"showSkybox":true,"showFlares":true,"showImageEffects":true,"showParticleSystems":true},"in2DMode":false,"pivot":{"x":3.1466684341430666,"y":-3.4314427375793459,"z":-2.822258949279785},"rotation":{"x":0.14418740570545197,"y":0.830418050289154,"z":-0.25172707438468935,"w":0.47565680742263796},"size":11.667262077331543,"orthographic":false}