{"cameraMode":{"drawMode":0,"name":"Shaded","section":"Shading Mode"},"sceneLighting":false,"audioPlay":false,"sceneViewState":{"showFog":true,"showMaterialUpdate":false,"showSkybox":true,"showFlares":true,"showImageEffects":true,"showParticleSystems":true},"in2DMode":false,"pivot":{"x":0.09430548548698425,"y":2.848475933074951,"z":-1.8646767139434815},"rotation":{"x":-0.12144970148801804,"y":0.7461062669754028,"z":-0.6391197443008423,"w":-0.14177986979484559},"size":4.97127103805542,"orthographic":false}