{"cameraMode":{"drawMode":0,"name":"Shaded","section":"Shading Mode"},"sceneLighting":false,"audioPlay":false,"sceneViewState":{"showFog":true,"showMaterialUpdate":false,"showSkybox":true,"showFlares":true,"showImageEffects":true,"showParticleSystems":true},"in2DMode":false,"pivot":{"x":0.3493480682373047,"y":-0.14798307418823243,"z":-1.4395499229431153},"rotation":{"x":-0.17264890670776368,"y":0.7578599452972412,"z":-0.22230485081672669,"w":-0.5885757207870483},"size":11.667262077331543,"orthographic":false}