{"cameraMode":{"drawMode":0,"name":"Shaded","section":"Shading Mode"},"sceneLighting":false,"audioPlay":false,"sceneViewState":{"showFog":true,"showMaterialUpdate":false,"showSkybox":true,"showFlares":true,"showImageEffects":true,"showParticleSystems":true},"in2DMode":false,"pivot":{"x":-23.213285446166993,"y":4.275058269500732,"z":-10.44573974609375},"rotation":{"x":0.2343563586473465,"y":-0.13220427930355073,"z":0.03219018131494522,"w":0.9625813961029053},"size":12.911657333374024,"orthographic":false}