{"cameraMode":{"drawMode":0,"name":"Shaded","section":"Shading Mode"},"sceneLighting":true,"audioPlay":false,"sceneViewState":{"showFog":true,"showMaterialUpdate":false,"showSkybox":true,"showFlares":true,"showImageEffects":true,"showParticleSystems":true},"in2DMode":false,"pivot":{"x":-3.676215171813965,"y":-0.7541475296020508,"z":-49.9937858581543},"rotation":{"x":-0.22671759128570558,"y":0.3823692798614502,"z":-0.0973539799451828,"w":-0.890457808971405},"size":18.435766220092775,"orthographic":false}