{"cameraMode":{"drawMode":0,"name":"Shaded","section":"Shading Mode"},"sceneLighting":false,"audioPlay":false,"sceneViewState":{"showFog":true,"showMaterialUpdate":false,"showSkybox":true,"showFlares":true,"showImageEffects":true,"showParticleSystems":true},"in2DMode":false,"pivot":{"x":20.190980911254884,"y":-12.175592422485352,"z":-45.5202522277832},"rotation":{"x":0.4095146358013153,"y":0.19193391501903535,"z":-0.08856558054685593,"w":0.887476921081543},"size":33.0823974609375,"orthographic":false}