{"cameraMode":{"drawMode":0,"name":"Shaded","section":"Shading Mode"},"sceneLighting":false,"audioPlay":false,"sceneViewState":{"showFog":true,"showMaterialUpdate":false,"showSkybox":true,"showFlares":true,"showImageEffects":true,"showParticleSystems":true},"in2DMode":false,"pivot":{"x":-3.580773115158081,"y":0.9536713361740112,"z":40.74618148803711},"rotation":{"x":-0.1639072746038437,"y":0.36381953954696658,"z":-0.0652027279138565,"w":-0.9146138429641724},"size":8.977477073669434,"orthographic":false}