{"cameraMode":{"drawMode":0,"name":"Shaded","section":"Shading Mode"},"sceneLighting":false,"audioPlay":false,"sceneViewState":{"showFog":true,"showMaterialUpdate":false,"showSkybox":true,"showFlares":true,"showImageEffects":true,"showParticleSystems":true},"in2DMode":false,"pivot":{"x":-30.05352783203125,"y":2.2298049926757814,"z":21.13750648498535},"rotation":{"x":-0.13172900676727296,"y":-0.05588376522064209,"z":0.007435481995344162,"w":-0.9896813631057739},"size":20.106996536254884,"orthographic":false}