{"cameraMode":{"drawMode":0,"name":"Shaded","section":"Shading Mode"},"sceneLighting":false,"audioPlay":false,"sceneViewState":{"showFog":true,"showMaterialUpdate":false,"showSkybox":true,"showFlares":true,"showImageEffects":true,"showParticleSystems":true},"in2DMode":false,"pivot":{"x":8.451431274414063,"y":3.924539566040039,"z":2.5784783363342287},"rotation":{"x":0.09424623101949692,"y":-0.7819920778274536,"z":0.12203651666641236,"w":0.6039149165153503},"size":11.511272430419922,"orthographic":false}