{"cameraMode":{"drawMode":0,"name":"Shaded","section":"Shading Mode"},"sceneLighting":true,"audioPlay":false,"sceneViewState":{"showFog":true,"showMaterialUpdate":false,"showSkybox":true,"showFlares":true,"showImageEffects":true,"showParticleSystems":true},"in2DMode":false,"pivot":{"x":-0.5460000038146973,"y":0.9890000820159912,"z":38.430999755859378},"rotation":{"x":-0.4519323408603668,"y":0.2506136894226074,"z":-0.13394644856452943,"w":-0.845581591129303},"size":8.977477073669434,"orthographic":false}