{"cameraMode":{"drawMode":0,"name":"Shaded","section":"Shading Mode"},"sceneLighting":false,"audioPlay":false,"sceneViewState":{"showFog":true,"showMaterialUpdate":true,"showSkybox":true,"showFlares":true,"showImageEffects":true,"showParticleSystems":true},"in2DMode":false,"pivot":{"x":-119.14092254638672,"y":4.071332931518555,"z":112.31593322753906},"rotation":{"x":-0.3328069746494293,"y":-0.2319098860025406,"z":0.08528679609298706,"w":-0.9100459218025208},"size":4.041658401489258,"orthographic":false}