{"cameraMode":{"drawMode":0,"name":"Shaded","section":"Shading Mode"},"sceneLighting":false,"audioPlay":false,"sceneViewState":{"showFog":true,"showMaterialUpdate":true,"showSkybox":true,"showFlares":true,"showImageEffects":true,"showParticleSystems":true},"in2DMode":false,"pivot":{"x":-99.78428649902344,"y":38.55900192260742,"z":89.4843978881836},"rotation":{"x":0.2266901582479477,"y":0.1652865707874298,"z":-0.03952160105109215,"w":0.9590255618095398},"size":3.8889498710632326,"orthographic":false}