{"cameraMode":{"drawMode":0,"name":"Shaded","section":"Shading Mode"},"sceneLighting":false,"audioPlay":false,"sceneViewState":{"showFog":true,"showMaterialUpdate":true,"showSkybox":true,"showFlares":true,"showImageEffects":true,"showParticleSystems":true},"in2DMode":false,"pivot":{"x":2.303537130355835,"y":1.04635751247406,"z":-4.250247001647949},"rotation":{"x":-0.05481383949518204,"y":-0.9308385252952576,"z":0.3255351483821869,"w":-0.15672248601913453},"size":10.12446403503418,"orthographic":false}