{"cameraMode":{"drawMode":0,"name":"Shaded","section":"Shading Mode"},"sceneLighting":false,"audioPlay":false,"sceneViewState":{"showFog":true,"showMaterialUpdate":true,"showSkybox":true,"showFlares":true,"showImageEffects":true,"showParticleSystems":true},"in2DMode":false,"pivot":{"x":-15.785982131958008,"y":-1.2570507526397706,"z":-94.27680206298828},"rotation":{"x":0.011559947393834591,"y":0.9882698059082031,"z":-0.11448317766189575,"w":0.10041304677724838},"size":17.833213806152345,"orthographic":false}