{"cameraMode":{"drawMode":0,"name":"Shaded","section":"Shading Mode"},"sceneLighting":false,"audioPlay":false,"sceneViewState":{"showFog":true,"showMaterialUpdate":true,"showSkybox":true,"showFlares":true,"showImageEffects":true,"showParticleSystems":true},"in2DMode":false,"pivot":{"x":103.21504211425781,"y":38.45958709716797,"z":191.7919464111328},"rotation":{"x":0.5000033974647522,"y":-0.1297406107187271,"z":0.0760495662689209,"w":0.8528660535812378},"size":4.73929500579834,"orthographic":false}