{"cameraMode":{"drawMode":0,"name":"Shaded","section":"Shading Mode"},"sceneLighting":false,"audioPlay":false,"sceneViewState":{"showFog":true,"showMaterialUpdate":false,"showSkybox":true,"showFlares":true,"showImageEffects":true,"showParticleSystems":true},"in2DMode":false,"pivot":{"x":-4.952766418457031,"y":10.835817337036133,"z":4.619017601013184},"rotation":{"x":0.012573936954140664,"y":0.9852554202079773,"z":-0.14906033873558045,"w":0.08303507417440415},"size":7.221183776855469,"orthographic":false}