{"cameraMode":{"drawMode":0,"name":"Shaded","section":"Shading Mode"},"sceneLighting":false,"audioPlay":false,"sceneViewState":{"showFog":true,"showMaterialUpdate":true,"showSkybox":true,"showFlares":true,"showImageEffects":true,"showParticleSystems":true},"in2DMode":false,"pivot":{"x":-2.40458345413208,"y":-0.8255808353424072,"z":0.9611709117889404},"rotation":{"x":0.14783719182014466,"y":-0.7528262138366699,"z":0.1800801008939743,"w":0.6156038045883179},"size":8.962769508361817,"orthographic":false}