{"cameraMode":{"drawMode":0,"name":"Shaded","section":"Shading Mode"},"sceneLighting":false,"audioPlay":false,"sceneViewState":{"showFog":true,"showMaterialUpdate":true,"showSkybox":true,"showFlares":true,"showImageEffects":true,"showParticleSystems":true},"in2DMode":false,"pivot":{"x":0.315157413482666,"y":0.5749163627624512,"z":0.3934328556060791},"rotation":{"x":-0.12687905132770539,"y":-0.8708404302597046,"z":0.29641130566596987,"w":-0.37105128169059756},"size":4.005277633666992,"orthographic":false}