{"cameraMode":{"drawMode":0,"name":"Shaded","section":"Shading Mode"},"sceneLighting":false,"audioPlay":false,"sceneViewState":{"showFog":true,"showMaterialUpdate":false,"showSkybox":true,"showFlares":true,"showImageEffects":true,"showParticleSystems":true},"in2DMode":false,"pivot":{"x":0.1678324043750763,"y":-0.1661861091852188,"z":-66.51038360595703},"rotation":{"x":0.1463135927915573,"y":0.07914195954799652,"z":-0.011743353679776192,"w":0.9859974980354309},"size":6.529199123382568,"orthographic":false}