{"cameraMode":{"drawMode":0,"name":"Shaded","section":"Shading Mode"},"sceneLighting":false,"audioPlay":false,"sceneViewState":{"showFog":true,"showMaterialUpdate":false,"showSkybox":true,"showFlares":true,"showImageEffects":true,"showParticleSystems":true},"in2DMode":false,"pivot":{"x":-0.2134586125612259,"y":5.188388824462891,"z":-68.2077407836914},"rotation":{"x":0.44171831011772158,"y":0.031473949551582339,"z":-0.015507535077631474,"w":0.8964674472808838},"size":7.1365132331848148,"orthographic":false}