{"cameraMode":{"drawMode":0,"name":"Shaded","section":"Shading Mode"},"sceneLighting":false,"audioPlay":false,"sceneViewState":{"showFog":true,"showMaterialUpdate":true,"showSkybox":true,"showFlares":true,"showImageEffects":true,"showParticleSystems":true},"in2DMode":false,"pivot":{"x":-0.0882672369480133,"y":0.9737328886985779,"z":-0.2737283706665039},"rotation":{"x":0.20596162974834443,"y":-0.730807900428772,"z":0.2506352663040161,"w":0.6005677580833435},"size":12.430973052978516,"orthographic":false}