{"cameraMode":{"drawMode":0,"name":"Shaded","section":"Shading Mode"},"sceneLighting":false,"audioPlay":false,"sceneViewState":{"showFog":true,"showMaterialUpdate":true,"showSkybox":true,"showFlares":true,"showImageEffects":true,"showParticleSystems":true},"in2DMode":false,"pivot":{"x":70.7782211303711,"y":12.446967124938965,"z":188.4016876220703},"rotation":{"x":0.19038265943527223,"y":0.7451983690261841,"z":-0.24031135439872743,"w":0.5921860933303833},"size":20.2589168548584,"orthographic":false}