{"cameraMode":{"drawMode":0,"name":"Shaded","section":"Shading Mode"},"sceneLighting":false,"audioPlay":false,"sceneViewState":{"showFog":true,"showMaterialUpdate":true,"showSkybox":true,"showFlares":true,"showImageEffects":true,"showParticleSystems":true},"in2DMode":false,"pivot":{"x":-17.306442260742189,"y":4.119270324707031,"z":-113.44441986083985},"rotation":{"x":-0.16688965260982514,"y":0.7884467244148254,"z":-0.24510566890239716,"w":-0.5389090180397034},"size":90.79295349121094,"orthographic":false}