{"cameraMode":{"drawMode":0,"name":"Shaded","section":"Shading Mode"},"sceneLighting":false,"audioPlay":false,"sceneViewState":{"showFog":true,"showMaterialUpdate":true,"showSkybox":true,"showFlares":true,"showImageEffects":true,"showParticleSystems":true},"in2DMode":false,"pivot":{"x":20.39699363708496,"y":6.455907344818115,"z":-54.35993194580078},"rotation":{"x":0.4586268663406372,"y":-0.10106241703033447,"z":0.05251143127679825,"w":0.8813003301620483},"size":7.121446132659912,"orthographic":false}