{"cameraMode":{"drawMode":0,"name":"Shaded","section":"Shading Mode"},"sceneLighting":false,"audioPlay":false,"sceneViewState":{"showFog":true,"showMaterialUpdate":true,"showSkybox":true,"showFlares":true,"showImageEffects":true,"showParticleSystems":true},"in2DMode":false,"pivot":{"x":39.89656448364258,"y":0.3067508637905121,"z":-77.83197021484375},"rotation":{"x":-0.20997066795825959,"y":-0.3173322379589081,"z":0.07226677983999253,"w":-0.921949028968811},"size":6.651362895965576,"orthographic":false}