{"cameraMode":{"drawMode":0,"name":"Shaded","section":"Shading Mode"},"sceneLighting":false,"audioPlay":false,"sceneViewState":{"showFog":true,"showMaterialUpdate":false,"showSkybox":true,"showFlares":true,"showImageEffects":true,"showParticleSystems":true},"in2DMode":false,"pivot":{"x":-27.813196182250978,"y":1.494206190109253,"z":28.89844512939453},"rotation":{"x":0.3300643563270569,"y":-0.548484206199646,"z":0.24910017848014832,"w":0.7267542481422424},"size":4.801772117614746,"orthographic":false}