{"cameraMode":{"drawMode":0,"name":"Shaded","section":"Shading Mode"},"sceneLighting":true,"audioPlay":false,"sceneViewState":{"showFog":true,"showMaterialUpdate":false,"showSkybox":true,"showFlares":true,"showImageEffects":true,"showParticleSystems":true},"in2DMode":false,"pivot":{"x":-23.759714126586915,"y":27.08502197265625,"z":478.2057800292969},"rotation":{"x":-0.056517310440540317,"y":0.8908787965774536,"z":-0.4356406331062317,"w":-0.11557719111442566},"size":10.0,"orthographic":false}