{"cameraMode":{"drawMode":0,"name":"Shaded","section":"Shading Mode"},"sceneLighting":false,"audioPlay":false,"sceneViewState":{"showFog":true,"showMaterialUpdate":false,"showSkybox":true,"showFlares":true,"showImageEffects":true,"showParticleSystems":true},"in2DMode":false,"pivot":{"x":-7.677242755889893,"y":1.5795345306396485,"z":-2.370742082595825},"rotation":{"x":-0.04571721330285072,"y":0.7614265084266663,"z":-0.05402110517024994,"w":-0.6443766355514526},"size":14.31805419921875,"orthographic":false}