{"cameraMode":{"drawMode":0,"name":"Shaded","section":"Shading Mode"},"sceneLighting":false,"audioPlay":false,"sceneViewState":{"showFog":true,"showMaterialUpdate":false,"showSkybox":true,"showFlares":true,"showImageEffects":true,"showParticleSystems":true},"in2DMode":false,"pivot":{"x":-1.2500001192092896,"y":-5.551115123125783e-17,"z":-1.2499998807907105},"rotation":{"x":-0.041608911007642749,"y":-0.939799427986145,"z":0.3157650828361511,"w":-0.12384754419326782},"size":5.833631992340088,"orthographic":false}