{"cameraMode":{"drawMode":0,"name":"Shaded","section":"Shading Mode"},"sceneLighting":true,"audioPlay":false,"sceneViewState":{"showFog":true,"showMaterialUpdate":false,"showSkybox":true,"showFlares":true,"showImageEffects":true,"showParticleSystems":true},"in2DMode":false,"pivot":{"x":-44.72593307495117,"y":3.507659435272217,"z":58.06476974487305},"rotation":{"x":0.12447307258844376,"y":-0.014575413428246975,"z":0.0018286152044311166,"w":0.9921143054962158},"size":14.289478302001954,"orthographic":false}