{"cameraMode":{"drawMode":0,"name":"Shaded","section":"Shading Mode"},"sceneLighting":true,"audioPlay":false,"sceneViewState":{"showFog":true,"showMaterialUpdate":false,"showSkybox":true,"showFlares":true,"showImageEffects":true,"showParticleSystems":true},"in2DMode":false,"pivot":{"x":-40.28266906738281,"y":-1.2478461265563965,"z":-100.229248046875},"rotation":{"x":-0.1092730164527893,"y":-0.7648104429244995,"z":0.1346922218799591,"w":-0.6204695701599121},"size":18.29938316345215,"orthographic":false}