{"cameraMode":{"drawMode":0,"name":"Shaded","section":"Shading Mode"},"sceneLighting":true,"audioPlay":false,"sceneViewState":{"showFog":true,"showMaterialUpdate":false,"showSkybox":true,"showFlares":true,"showImageEffects":true,"showParticleSystems":true},"in2DMode":false,"pivot":{"x":-57.79796600341797,"y":34.21173095703125,"z":35.75688171386719},"rotation":{"x":0.32556289434432986,"y":0.6225120425224304,"z":-0.3184216320514679,"w":0.6364710330963135},"size":0.9308111071586609,"orthographic":false}