{"cameraMode":{"drawMode":0,"name":"Shaded","section":"Shading Mode"},"sceneLighting":false,"audioPlay":false,"sceneViewState":{"showFog":true,"showMaterialUpdate":false,"showSkybox":true,"showFlares":true,"showImageEffects":true,"showParticleSystems":true},"in2DMode":false,"pivot":{"x":-5.508390426635742,"y":18.278955459594728,"z":-68.48916625976563},"rotation":{"x":-0.39621055126190188,"y":0.06053369864821434,"z":-0.026189543306827546,"w":-0.9157876968383789},"size":6.078827857971191,"orthographic":false}