{"cameraMode":{"drawMode":0,"name":"Shaded","section":"Shading Mode"},"sceneLighting":false,"audioPlay":false,"sceneViewState":{"showFog":true,"showMaterialUpdate":false,"showSkybox":true,"showFlares":true,"showImageEffects":true,"showParticleSystems":true},"in2DMode":false,"pivot":{"x":1.3892327547073365,"y":-1.119282603263855,"z":-0.38618290424346926},"rotation":{"x":0.37387144565582278,"y":0.5855525135993958,"z":-0.3476857841014862,"w":0.6296531558036804},"size":5.84532356262207,"orthographic":false}