{"cameraMode":{"drawMode":0,"name":"Shaded","section":"Shading Mode"},"sceneLighting":true,"audioPlay":false,"sceneViewState":{"showFog":true,"showMaterialUpdate":false,"showSkybox":true,"showFlares":true,"showImageEffects":true,"showParticleSystems":true},"in2DMode":false,"pivot":{"x":-24.890352249145509,"y":-1.9532263278961182,"z":39.211551666259769},"rotation":{"x":-0.20366863906383515,"y":-0.24267695844173432,"z":0.052188385277986529,"w":-0.9470499157905579},"size":16.554719924926759,"orthographic":false}