{"cameraMode":{"drawMode":0,"name":"Shaded","section":"Shading Mode"},"sceneLighting":false,"audioPlay":false,"sceneViewState":{"showFog":true,"showMaterialUpdate":false,"showSkybox":true,"showFlares":true,"showImageEffects":true,"showParticleSystems":true},"in2DMode":false,"pivot":{"x":-2.7952089309692385,"y":-1.9515175819396973,"z":-2.271552085876465},"rotation":{"x":-0.18398767709732057,"y":0.7131731510162354,"z":-0.2034003585577011,"w":-0.6451053023338318},"size":9.223780632019043,"orthographic":false}