{"cameraMode":{"drawMode":0,"name":"Shaded","section":"Shading Mode"},"sceneLighting":false,"audioPlay":false,"sceneViewState":{"showFog":true,"showMaterialUpdate":false,"showSkybox":true,"showFlares":true,"showImageEffects":true,"showParticleSystems":true},"in2DMode":false,"pivot":{"x":303.6108093261719,"y":143.37098693847657,"z":-158.7886962890625},"rotation":{"x":0.08003635704517365,"y":-0.1696101576089859,"z":0.013821386732161045,"w":0.9821586608886719},"size":62.72171401977539,"orthographic":false}