{"cameraMode":{"drawMode":0,"name":"Shaded","section":"Shading Mode"},"sceneLighting":false,"audioPlay":false,"sceneViewState":{"showFog":true,"showMaterialUpdate":false,"showSkybox":true,"showFlares":true,"showImageEffects":true,"showParticleSystems":true},"in2DMode":false,"pivot":{"x":-38.863582611083987,"y":5.38180685043335,"z":27.957590103149415},"rotation":{"x":-0.056471023708581927,"y":0.40585842728614809,"z":-0.025141224265098573,"w":-0.9118431210517883},"size":4.4085187911987309,"orthographic":false}