{"cameraMode":{"drawMode":0,"name":"Shaded","section":"Shading Mode"},"sceneLighting":false,"audioPlay":false,"sceneViewState":{"showFog":true,"showMaterialUpdate":false,"showSkybox":true,"showFlares":true,"showImageEffects":true,"showParticleSystems":true},"in2DMode":false,"pivot":{"x":9.422647476196289,"y":-13.152481079101563,"z":449.5968322753906},"rotation":{"x":-0.2815215289592743,"y":-0.5704377889633179,"z":0.216872900724411,"w":-0.7404812574386597},"size":20.497615814208986,"orthographic":false}