{"cameraMode":{"drawMode":0,"name":"Shaded","section":"Shading Mode"},"sceneLighting":false,"audioPlay":false,"sceneViewState":{"showFog":true,"showMaterialUpdate":false,"showSkybox":true,"showFlares":true,"showImageEffects":true,"showParticleSystems":true},"in2DMode":false,"pivot":{"x":-29.01801872253418,"y":-0.10833626985549927,"z":23.258737564086915},"rotation":{"x":-0.03694641590118408,"y":0.9627633690834045,"z":-0.2009938806295395,"w":-0.17698343098163606},"size":9.24996566772461,"orthographic":false}