{"cameraMode":{"drawMode":0,"name":"Shaded","section":"Shading Mode"},"sceneLighting":false,"audioPlay":false,"sceneViewState":{"showFog":true,"showMaterialUpdate":true,"showSkybox":true,"showFlares":true,"showImageEffects":true,"showParticleSystems":true},"in2DMode":false,"pivot":{"x":-104.63587188720703,"y":-1.1673622131347657,"z":-134.1374969482422},"rotation":{"x":-0.4083552360534668,"y":-0.5720739364624023,"z":0.39328181743621828,"w":-0.5927115082740784},"size":9.42234992980957,"orthographic":false}