{"cameraMode":{"drawMode":0,"name":"Shaded","section":"Shading Mode"},"sceneLighting":false,"audioPlay":false,"sceneViewState":{"showFog":true,"showMaterialUpdate":false,"showSkybox":true,"showFlares":true,"showImageEffects":true,"showParticleSystems":true},"in2DMode":false,"pivot":{"x":0.20394253730773927,"y":1.4644421339035035,"z":0.7560258507728577},"rotation":{"x":0.1779332160949707,"y":-0.7185708284378052,"z":0.1991095393896103,"w":0.6421457529067993},"size":3.4416584968566896,"orthographic":false}