{"cameraMode":{"drawMode":0,"name":"Shaded","section":"Shading Mode"},"sceneLighting":false,"audioPlay":false,"sceneViewState":{"showFog":true,"showMaterialUpdate":false,"showSkybox":true,"showFlares":true,"showImageEffects":true,"showParticleSystems":true},"in2DMode":false,"pivot":{"x":-21.20672035217285,"y":-11.746235847473145,"z":23.396785736083986},"rotation":{"x":0.38151100277900698,"y":-0.006344470661133528,"z":0.001673705643042922,"w":0.9243410229682922},"size":93.29708862304688,"orthographic":false}