{"cameraMode":{"drawMode":0,"name":"Shaded","section":"Shading Mode"},"sceneLighting":false,"audioPlay":false,"sceneViewState":{"showFog":true,"showMaterialUpdate":false,"showSkybox":true,"showFlares":true,"showImageEffects":true,"showParticleSystems":true},"in2DMode":false,"pivot":{"x":-5.694385051727295,"y":2.383129835128784,"z":-3.5060596466064455},"rotation":{"x":-0.0800200030207634,"y":0.7776893377304077,"z":-0.10114199668169022,"w":-0.6152775287628174},"size":12.385702133178711,"orthographic":false}