{"cameraMode":{"drawMode":0,"name":"Shaded","section":"Shading Mode"},"sceneLighting":false,"audioPlay":false,"sceneViewState":{"showFog":true,"showMaterialUpdate":false,"showSkybox":true,"showFlares":true,"showImageEffects":true,"showParticleSystems":true},"in2DMode":false,"pivot":{"x":18.87933349609375,"y":0.9851601123809815,"z":-55.396942138671878},"rotation":{"x":0.4197078049182892,"y":0.5155554413795471,"z":-0.3207229971885681,"w":0.6746737957000732},"size":3.777022361755371,"orthographic":false}