{"cameraMode":{"drawMode":0,"name":"Shaded","section":"Shading Mode"},"sceneLighting":false,"audioPlay":false,"sceneViewState":{"showFog":true,"showMaterialUpdate":false,"showSkybox":true,"showFlares":true,"showImageEffects":true,"showParticleSystems":true},"in2DMode":false,"pivot":{"x":0.6818979382514954,"y":0.2296738624572754,"z":0.7596138715744019},"rotation":{"x":0.45704054832458498,"y":0.4660353660583496,"z":-0.30767205357551577,"w":0.6922881603240967},"size":2.4013278484344484,"orthographic":false}