{"cameraMode":{"drawMode":0,"name":"Shaded","section":"Shading Mode"},"sceneLighting":false,"audioPlay":false,"sceneViewState":{"showFog":true,"showMaterialUpdate":false,"showSkybox":true,"showFlares":true,"showImageEffects":true,"showParticleSystems":true},"in2DMode":false,"pivot":{"x":-38.78579330444336,"y":0.10251788794994354,"z":5.231298923492432},"rotation":{"x":0.18490570783615113,"y":-0.017099354416131974,"z":0.0032174827065318825,"w":0.9826022386550903},"size":14.289430618286133,"orthographic":false}